show,showLen,set1Len,set2Len,set3Len,showBreakout,set1Breakout,set2Breakout,set3Breakout
346,4,4,[],[],65,65,0,0,
347,1,1,[],[],15,15,0,0,
348,7,7,[],[],57,57,0,0,
2318,21,8,13,[],340,112,228,0,
2319,17,7,10,[],112,61,51,0,
2316,19,8,11,[],66,35,31,0,
2317,17,7,10,[],92,45,47,0,
2314,19,8,11,[],236,144,92,0,
2315,21,10,11,[],1588,1550,38,0,
2312,18,7,11,[],115,36,79,0,
2313,19,8,11,[],140,60,80,0,
2310,19,7,12,[],160,81,79,0,
2311,18,9,9,[],156,107,49,0,
296,3,3,[],[],21,21,0,0,
295,3,3,[],[],27,27,0,0,
272,7,7,[],[],88,88,0,0,
277,3,3,[],[],34,34,0,0,
278,1,1,[],[],6,6,0,0,
2268,18,7,11,[],50,23,27,0,
2269,16,6,10,[],79,25,54,0,
2262,19,8,11,[],133,86,47,0,
2263,17,6,11,[],136,47,89,0,
2260,20,9,11,[],214,85,129,0,
2261,19,7,12,[],207,95,112,0,
2266,19,8,11,[],168,121,47,0,
2267,18,8,10,[],126,63,63,0,
2264,18,8,10,[],134,72,62,0,
2265,19,8,11,[],157,83,74,0,
2442,20,8,12,[],152,81,71,0,
2443,17,6,11,[],443,65,378,0,
2440,20,8,12,[],56,24,32,0,
2441,18,6,12,[],82,35,47,0,
2446,19,7,12,[],168,63,105,0,
2447,19,8,11,[],154,60,94,0,
2444,19,6,13,[],221,119,102,0,
2445,17,7,10,[],381,48,333,0,
2448,18,7,11,[],245,155,90,0,
2449,17,7,10,[],246,63,183,0,
103,10,7,3,[],104,82,22,0,
100,2,2,[],[],22,22,0,0,
101,7,7,[],[],113,113,0,0,
2046,20,9,11,[],606,127,479,0,
2047,20,8,12,[],161,84,77,0,
2044,20,8,12,[],139,66,73,0,
2045,22,8,14,[],1815,116,1699,0,
2042,21,10,11,[],139,75,64,0,
2043,20,8,12,[],226,107,119,0,
2040,21,9,12,[],1071,726,345,0,
2041,20,9,11,[],1091,1046,45,0,
2048,20,8,12,[],294,216,78,0,
2049,19,8,11,[],194,136,58,0,
1210,22,9,13,[],234,31,203,0,
1991,21,8,13,[],103,43,60,0,
1990,18,8,10,[],83,44,39,0,
1621,17,7,10,[],53,23,30,0,
1620,20,9,11,[],69,32,37,0,
1995,21,9,12,[],317,41,276,0,
1994,20,9,11,[],119,50,69,0,
1997,19,7,12,[],126,60,66,0,
1996,19,8,11,[],105,61,44,0,
1999,20,8,12,[],146,81,65,0,
1998,19,8,11,[],125,75,50,0,
1629,19,8,11,[],197,76,121,0,
1628,19,9,10,[],94,49,45,0,
558,12,12,[],[],37,37,0,0,
1217,20,11,9,[],87,59,28,0,
555,9,9,[],[],51,51,0,0,
554,8,8,[],[],16,16,0,0,
557,15,15,[],[],107,107,0,0,
551,17,17,[],[],44,44,0,0,
550,11,11,[],[],37,37,0,0,
552,12,5,7,[],36,18,18,0,
1439,25,11,14,[],108,48,60,0,
1199,18,10,8,[],85,53,32,0,
1198,16,7,9,[],44,11,33,0,
1191,22,12,10,[],90,56,34,0,
1190,20,9,11,[],65,36,29,0,
1193,18,9,9,[],111,39,72,0,
1192,19,9,10,[],57,22,35,0,
1195,18,9,9,[],51,28,23,0,
1194,21,10,11,[],120,23,97,0,
1197,18,8,10,[],44,33,11,0,
1196,22,9,13,[],204,18,186,0,
1759,18,7,11,[],118,49,69,0,
1758,18,9,9,[],158,97,61,0,
1757,19,9,10,[],136,65,71,0,
1756,16,7,9,[],105,38,67,0,
1755,18,9,9,[],873,849,24,0,
1754,21,10,11,[],67,34,33,0,
1753,18,8,10,[],168,81,87,0,
1752,16,6,10,[],99,28,71,0,
1751,20,9,11,[],958,67,891,0,
1750,17,6,11,[],106,44,62,0,
1177,21,11,10,[],61,34,27,0,
1176,20,10,10,[],76,26,50,0,
1175,19,11,8,[],59,32,27,0,
1174,19,10,9,[],66,33,33,0,
1173,20,10,10,[],65,40,25,0,
1172,19,10,9,[],46,29,17,0,
1171,19,10,9,[],54,25,29,0,
1170,18,9,9,[],90,35,55,0,
1179,17,7,10,[],117,34,83,0,
1178,18,9,9,[],48,24,24,0,
511,18,8,10,[],107,86,21,0,
510,12,8,4,[],35,11,24,0,
513,12,12,[],[],27,27,0,0,
1285,20,9,11,[],47,18,29,0,
1284,18,8,10,[],63,29,34,0,
1287,18,8,10,[],121,51,70,0,
1286,21,11,10,[],68,38,30,0,
1281,20,10,10,[],33,17,16,0,
1280,22,10,12,[],88,44,44,0,
1283,21,11,10,[],168,36,132,0,
1282,20,9,11,[],58,24,34,0,
1003,17,12,5,[],32,22,10,0,
1289,21,9,12,[],67,39,28,0,
1288,22,10,12,[],65,23,42,0,
514,10,10,[],[],34,34,0,0,
1579,20,9,11,[],62,28,34,0,
1578,19,9,10,[],100,34,66,0,
689,13,13,[],[],31,31,0,0,
688,4,4,[],[],3,3,0,0,
1573,18,6,12,[],119,29,90,0,
1572,23,11,12,[],141,83,58,0,
1571,21,9,12,[],77,36,41,0,
1570,21,8,13,[],57,24,33,0,
1577,20,8,12,[],87,34,53,0,
1576,20,10,10,[],117,78,39,0,
1575,21,9,12,[],103,46,57,0,
1574,22,10,12,[],120,55,65,0,
623,18,11,7,[],24,13,11,0,
622,14,14,[],[],20,20,0,0,
1240,23,12,11,[],70,45,25,0,
621,16,16,[],[],29,29,0,0,
620,25,10,15,[],120,14,106,0,
627,16,16,[],[],49,49,0,0,
626,18,8,5,5,183,23,124,36,
1221,20,11,9,[],89,54,35,0,
1243,23,12,11,[],143,80,63,0,
1220,20,10,10,[],94,44,50,0,
1371,31,10,9,12,90,20,28,42,
1370,29,9,10,10,92,21,38,33,
1373,31,10,11,10,88,18,32,38,
1372,33,9,10,14,201,16,38,147,
1375,35,10,11,14,122,20,39,63,
1374,30,9,8,13,97,18,39,40,
1377,30,9,10,11,87,20,37,30,
1376,32,8,11,13,64,10,22,32,
1379,28,9,8,11,70,18,25,27,
1378,27,8,9,10,51,12,20,19,
1342,22,11,11,[],108,63,45,0,
1343,22,11,11,[],48,21,27,0,
1345,24,11,13,[],155,22,133,0,
1245,21,10,11,[],46,18,28,0,
373,10,10,[],[],133,133,0,0,
372,5,5,[],[],70,70,0,0,
375,2,2,[],[],5,5,0,0,
376,9,9,[],[],19,19,0,0,
1244,19,9,10,[],51,23,28,0,
394,13,13,[],[],54,54,0,0,
2309,18,7,11,[],107,51,56,0,
2308,17,7,10,[],76,37,39,0,
2301,18,7,11,[],122,63,59,0,
2300,19,8,11,[],152,69,83,0,
2303,19,8,11,[],121,83,38,0,
2302,19,8,11,[],133,59,74,0,
2305,18,7,11,[],131,43,88,0,
2304,20,8,12,[],155,55,100,0,
2307,18,7,11,[],115,58,57,0,
2306,19,8,11,[],392,244,148,0,
245,2,2,[],[],30,30,0,0,
249,1,1,[],[],11,11,0,0,
248,2,2,[],[],198,198,0,0,
2275,18,7,11,[],140,51,89,0,
2274,20,9,11,[],180,96,84,0,
2277,20,9,11,[],98,62,36,0,
2276,20,8,12,[],160,97,63,0,
2271,20,8,12,[],180,81,99,0,
2270,19,6,13,[],91,35,56,0,
2273,16,6,10,[],98,46,52,0,
2272,17,7,10,[],762,656,106,0,
2279,18,6,12,[],259,50,209,0,
2278,18,7,11,[],96,33,63,0,
2154,19,7,12,[],69,24,45,0,
2454,18,7,11,[],139,93,46,0,
2451,17,7,10,[],196,73,123,0,
2450,18,8,10,[],184,135,49,0,
2453,19,8,11,[],148,67,81,0,
2452,18,7,11,[],517,445,72,0,
2155,16,7,9,[],114,36,78,0,
2051,21,9,12,[],148,70,78,0,
2050,17,7,10,[],92,44,48,0,
2053,18,7,11,[],131,45,86,0,
2052,22,10,12,[],206,145,61,0,
2055,22,11,11,[],154,130,24,0,
2054,20,9,11,[],115,61,54,0,
2057,20,8,12,[],104,47,57,0,
2056,20,8,12,[],84,33,51,0,
2059,20,8,12,[],115,58,57,0,
2058,22,10,12,[],100,52,48,0,
1500,2,2,[],[],38,38,0,0,
1501,21,10,11,[],135,71,64,0,
1506,19,10,9,[],39,25,14,0,
1507,23,9,14,[],91,35,56,0,
1504,24,11,13,[],142,51,91,0,
1505,22,10,12,[],139,82,57,0,
2157,17,7,10,[],140,77,63,0,
2150,20,7,13,[],114,51,63,0,
1601,21,10,11,[],120,67,53,0,
1976,21,9,12,[],140,94,46,0,
659,24,24,[],[],71,71,0,0,
1975,19,9,10,[],185,86,99,0,
1365,31,10,10,11,109,16,65,28,
1602,18,8,10,[],67,33,34,0,
1973,21,9,12,[],197,74,123,0,
1972,19,9,10,[],141,71,70,0,
1971,17,7,10,[],102,63,39,0,
1970,19,8,11,[],124,67,57,0,
1968,21,8,13,[],1838,1285,553,0,
1969,19,8,11,[],64,20,44,0,
1618,20,9,11,[],134,80,54,0,
1619,20,9,11,[],81,26,55,0,
1964,19,8,11,[],79,36,43,0,
1965,19,8,11,[],114,57,57,0,
1966,18,7,11,[],70,26,44,0,
1967,21,8,13,[],135,60,75,0,
1612,20,10,10,[],493,53,440,0,
1613,21,8,9,4,322,52,38,232,
1962,22,8,14,[],168,42,126,0,
1963,19,8,11,[],84,45,39,0,
1768,19,7,12,[],68,25,43,0,
1769,22,11,11,[],907,857,50,0,
1762,21,9,12,[],169,62,107,0,
1763,17,7,10,[],101,38,63,0,
1760,20,9,11,[],269,153,116,0,
1761,20,8,12,[],226,63,163,0,
1766,20,8,12,[],129,71,58,0,
1767,19,9,10,[],102,50,52,0,
1764,17,8,9,[],86,54,32,0,
1765,19,9,10,[],111,51,60,0,
1142,19,9,10,[],62,26,36,0,
1143,22,10,12,[],87,34,53,0,
1140,21,11,10,[],59,23,36,0,
1141,18,9,9,[],75,33,42,0,
1146,18,10,8,[],40,19,21,0,
1147,21,10,11,[],64,23,41,0,
1144,20,10,10,[],97,70,27,0,
1145,19,10,9,[],56,24,32,0,
1148,20,9,11,[],132,39,93,0,
1149,20,9,11,[],115,30,85,0,
1546,24,8,10,6,955,93,71,791,
1547,4,4,[],[],925,925,0,0,
1544,22,11,11,[],163,119,44,0,
1545,23,9,14,[],866,82,784,0,
1542,21,10,11,[],66,35,31,0,
1543,19,9,10,[],83,56,27,0,
1540,25,11,14,[],111,58,53,0,
1541,15,6,9,[],31,8,23,0,
698,10,4,6,[],35,9,26,0,
699,10,5,5,[],59,31,28,0,
1548,20,9,11,[],878,34,844,0,
1549,22,10,12,[],104,44,60,0,
542,7,7,[],[],26,26,0,0,
1780,18,18,[],[],68,68,0,0,
540,10,10,[],[],40,40,0,0,
541,11,11,[],[],20,20,0,0,
546,11,11,[],[],60,60,0,0,
547,15,15,[],[],317,317,0,0,
544,12,12,[],[],50,50,0,0,
545,11,11,[],[],34,34,0,0,
548,9,9,[],[],19,19,0,0,
1782,19,8,11,[],117,74,43,0,
1783,19,8,11,[],97,47,50,0,
1784,20,10,10,[],91,51,40,0,
1785,18,6,12,[],97,47,50,0,
1786,18,8,10,[],87,46,41,0,
765,5,5,[],[],7,7,0,0,
414,1,1,[],[],25,25,0,0,
415,13,4,9,[],103,51,52,0,
416,13,4,9,[],10,4,6,0,
1388,22,11,11,[],69,35,34,0,
1389,24,12,12,[],99,38,61,0,
413,13,13,[],[],738,738,0,0,
1384,27,7,10,10,84,14,35,35,
1385,29,8,9,12,1146,1084,28,34,
1386,24,12,12,[],61,28,33,0,
1387,18,8,10,[],55,22,33,0,
1380,31,10,9,12,117,30,45,42,
419,7,7,[],[],74,74,0,0,
1382,29,9,10,10,101,19,34,48,
1383,29,8,10,11,81,14,34,33,
369,2,2,[],[],106,106,0,0,
360,6,6,[],[],52,52,0,0,
361,3,3,[],[],31,31,0,0,
385,3,3,[],[],74,74,0,0,
386,13,7,6,[],191,89,102,0,
387,14,3,11,[],91,3,88,0,
388,12,12,[],[],10,10,0,0,
389,11,11,[],[],31,31,0,0,
1253,23,11,12,[],116,31,85,0,
2190,18,8,10,[],74,36,38,0,
2191,17,7,10,[],90,54,36,0,
2192,17,7,10,[],106,48,58,0,
2193,18,7,11,[],125,66,59,0,
2194,17,7,10,[],120,50,70,0,
2195,22,9,13,[],184,111,73,0,
2196,17,7,10,[],541,61,480,0,
2197,18,8,10,[],96,49,47,0,
2198,18,8,10,[],166,74,92,0,
2199,18,7,11,[],163,107,56,0,
256,4,4,[],[],54,54,0,0,
257,1,1,[],[],3,3,0,0,
254,3,3,[],[],175,175,0,0,
2200,17,8,9,[],157,86,71,0,
2201,16,6,10,[],95,37,58,0,
2202,19,7,12,[],102,43,59,0,
2203,17,8,9,[],132,52,80,0,
2204,17,7,10,[],122,72,50,0,
2205,19,9,10,[],580,70,510,0,
2206,19,8,11,[],115,50,65,0,
2207,18,6,12,[],51,21,30,0,
2208,17,7,10,[],94,49,45,0,
2209,16,6,10,[],89,32,57,0,
2428,18,7,11,[],83,45,38,0,
2429,16,6,10,[],62,31,31,0,
2420,18,8,10,[],121,55,66,0,
2421,14,5,9,[],128,61,67,0,
2422,20,8,12,[],172,94,78,0,
2423,20,8,12,[],295,204,91,0,
2424,17,7,10,[],147,72,75,0,
1849,18,8,10,[],88,52,36,0,
2426,16,6,10,[],93,38,55,0,
2427,18,7,11,[],121,67,54,0,
1848,19,8,11,[],105,41,64,0,
161,7,7,[],[],428,428,0,0,
1841,33,8,10,15,125,39,73,13,
1840,33,10,8,15,124,43,34,47,
1090,22,11,11,[],50,28,22,0,
1091,25,12,13,[],67,27,40,0,
1814,19,9,10,[],84,41,43,0,
1815,20,8,12,[],100,40,60,0,
1816,18,8,10,[],79,46,33,0,
1817,20,7,13,[],87,28,59,0,
1810,20,8,12,[],121,57,64,0,
1811,19,9,10,[],141,48,93,0,
1812,20,9,11,[],116,69,47,0,
1813,22,10,12,[],96,47,49,0,
1818,19,9,10,[],62,34,28,0,
1819,21,9,12,[],122,64,58,0,
1098,19,12,7,[],51,31,20,0,
1099,19,10,9,[],99,67,32,0,
1609,19,8,11,[],139,103,36,0,
1608,20,9,11,[],73,29,44,0,
1979,19,8,11,[],111,69,42,0,
1978,20,9,11,[],167,95,72,0,
1977,21,8,13,[],127,52,75,0,
1600,20,9,11,[],119,73,46,0,
1603,19,7,12,[],191,51,140,0,
1974,21,9,12,[],301,238,63,0,
1605,22,9,13,[],117,76,41,0,
1604,21,10,11,[],109,73,36,0,
1607,18,7,11,[],70,33,37,0,
1606,20,9,11,[],110,56,54,0,
809,27,12,15,[],97,28,69,0,
808,26,14,12,[],54,31,23,0,
803,31,13,18,[],239,48,191,0,
802,26,12,14,[],106,59,47,0,
801,27,11,16,[],113,16,97,0,
800,23,9,14,[],57,28,29,0,
807,23,15,8,[],56,33,23,0,
805,21,9,12,[],43,20,23,0,
804,19,19,[],[],23,23,0,0,
1775,19,8,11,[],102,49,53,0,
1774,19,8,11,[],87,31,56,0,
1777,18,8,10,[],62,41,21,0,
1776,20,8,12,[],162,104,58,0,
1771,19,8,11,[],307,52,255,0,
1770,16,7,9,[],89,45,44,0,
1773,17,8,9,[],432,373,59,0,
1772,18,7,11,[],132,74,58,0,
1779,23,11,12,[],137,64,73,0,
1778,20,8,12,[],94,49,45,0,
1159,18,8,10,[],65,25,40,0,
1158,22,12,10,[],89,41,48,0,
1155,17,11,6,[],41,25,16,0,
1154,18,8,10,[],55,19,36,0,
1157,16,8,8,[],57,40,17,0,
1156,18,10,8,[],62,31,31,0,
1151,23,12,11,[],52,28,24,0,
1150,23,11,12,[],62,32,30,0,
1153,18,10,8,[],82,53,29,0,
1152,23,9,14,[],292,38,254,0,
1551,21,9,12,[],91,47,44,0,
1550,18,7,11,[],85,26,59,0,
1553,21,9,12,[],110,53,57,0,
1552,22,11,11,[],219,61,158,0,
1555,20,9,11,[],77,31,46,0,
1554,22,10,12,[],68,28,40,0,
1557,21,10,11,[],114,60,54,0,
1556,22,10,12,[],86,53,33,0,
1559,23,10,13,[],1046,29,1017,0,
1558,22,8,14,[],110,58,52,0,
56,6,6,[],[],19,19,0,0,
51,17,17,[],[],175,175,0,0,
53,7,7,[],[],15,15,0,0,
52,10,10,[],[],110,110,0,0,
537,11,11,[],[],48,48,0,0,
536,6,6,[],[],22,22,0,0,
535,16,10,6,[],22,10,12,0,
534,17,11,6,[],78,56,22,0,
533,9,9,[],[],62,62,0,0,
532,1,1,[],[],1,1,0,0,
531,6,6,[],[],17,17,0,0,
530,11,11,[],[],61,61,0,0,
539,15,10,5,[],26,26,0,0,
538,13,6,7,[],58,45,13,0,
1399,21,10,11,[],55,30,25,0,
1398,33,10,11,12,227,72,30,125,
421,14,14,[],[],439,439,0,0,
1396,18,8,10,[],83,47,36,0,
423,11,[],11,[],92,0,92,0,
1394,22,10,12,[],66,39,27,0,
1393,24,12,12,[],96,47,49,0,
1392,18,9,9,[],91,53,38,0,
1391,23,11,12,[],80,39,41,0,
1390,9,9,[],[],40,40,0,0,
1443,24,10,14,[],305,20,285,0,
2183,20,9,11,[],131,86,45,0,
2182,14,14,[],[],47,47,0,0,
2181,20,7,13,[],202,50,152,0,
2180,17,8,9,[],85,46,39,0,
2187,20,9,11,[],94,41,53,0,
2186,19,10,9,[],130,87,43,0,
2185,21,9,12,[],135,84,51,0,
2184,22,9,13,[],1471,70,1401,0,
2189,19,6,13,[],252,46,206,0,
2188,19,7,12,[],65,21,44,0,
223,1,1,[],[],1,1,0,0,
222,13,13,[],[],498,498,0,0,
2213,19,8,11,[],165,99,66,0,
2212,19,8,11,[],174,75,99,0,
2211,17,7,10,[],125,60,65,0,
2210,18,7,11,[],133,64,69,0,
2217,19,7,12,[],266,35,231,0,
2216,20,8,12,[],111,77,34,0,
2215,22,8,14,[],143,84,59,0,
2214,20,8,12,[],599,124,475,0,
2219,18,8,10,[],160,69,91,0,
2218,18,8,10,[],130,65,65,0,
763,23,13,10,[],46,27,19,0,
2439,19,9,10,[],149,76,73,0,
2438,19,7,12,[],113,63,50,0,
157,3,3,[],[],52,52,0,0,
2433,17,7,10,[],129,67,62,0,
2432,17,6,11,[],105,43,62,0,
2431,18,7,11,[],164,56,108,0,
2430,17,6,11,[],203,154,49,0,
2437,20,8,12,[],144,80,64,0,
2436,18,8,10,[],187,130,57,0,
2435,17,7,10,[],130,52,78,0,
2434,17,7,10,[],139,63,76,0,
1712,21,9,12,[],93,41,52,0,
1807,19,7,12,[],127,79,48,0,
1806,20,8,12,[],254,189,65,0,
1805,19,8,11,[],138,69,69,0,
1804,21,9,12,[],117,64,53,0,
1803,18,8,10,[],121,42,79,0,
1802,21,9,12,[],119,37,82,0,
1801,18,8,10,[],203,59,144,0,
1800,18,8,10,[],91,58,33,0,
1809,22,10,12,[],117,67,50,0,
1808,21,10,11,[],113,72,41,0,
1524,23,9,14,[],388,18,370,0,
1948,17,7,10,[],68,35,33,0,
1949,18,8,10,[],108,51,57,0,
1525,19,10,9,[],61,36,25,0,
1942,18,7,11,[],88,51,37,0,
1943,19,7,12,[],187,53,134,0,
1940,18,6,12,[],81,29,52,0,
1941,20,8,12,[],120,66,54,0,
1946,19,8,11,[],104,55,49,0,
1947,21,8,13,[],103,62,41,0,
1944,18,8,10,[],173,80,93,0,
1945,20,8,12,[],175,54,121,0,
818,24,13,11,[],66,41,25,0,
819,30,14,16,[],42,20,22,0,
1527,20,7,13,[],73,31,42,0,
810,19,19,[],[],28,28,0,0,
811,23,11,12,[],36,20,16,0,
812,20,10,10,[],82,57,25,0,
813,22,11,11,[],69,21,48,0,
814,23,13,10,[],32,16,16,0,
815,20,11,9,[],38,14,24,0,
816,11,11,[],[],3,3,0,0,
817,31,15,16,[],76,35,41,0,
1623,19,8,11,[],96,51,45,0,
1522,23,11,12,[],137,43,94,0,
1622,20,9,11,[],144,46,98,0,
1523,24,11,13,[],84,40,44,0,
1993,22,10,12,[],1293,1239,54,0,
1490,21,10,11,[],54,24,30,0,
1491,21,10,11,[],73,38,35,0,
1492,21,10,11,[],56,25,31,0,
1493,22,11,11,[],74,41,33,0,
1494,20,9,11,[],82,45,37,0,
1495,23,12,11,[],137,76,61,0,
1496,19,8,11,[],113,27,86,0,
1497,21,10,11,[],102,46,56,0,
1498,21,9,12,[],142,96,46,0,
1627,19,6,13,[],112,46,66,0,
1395,21,9,12,[],78,33,45,0,
1626,22,10,12,[],122,56,66,0,
1700,22,10,12,[],114,39,75,0,
1701,22,9,13,[],89,49,40,0,
1702,20,7,13,[],80,27,53,0,
1703,19,9,10,[],570,210,360,0,
1704,21,8,13,[],90,48,42,0,
1705,22,9,13,[],1116,256,860,0,
1706,20,9,11,[],94,50,44,0,
1707,21,9,12,[],107,67,40,0,
1708,22,8,14,[],145,71,74,0,
1709,22,11,11,[],146,104,42,0,
1624,19,9,10,[],85,46,39,0,
1128,23,11,12,[],92,52,40,0,
1129,22,9,13,[],80,36,44,0,
1120,19,9,10,[],131,35,96,0,
1121,24,12,12,[],91,31,60,0,
1122,23,10,13,[],84,23,61,0,
1123,22,11,11,[],52,25,27,0,
1124,21,11,10,[],73,39,34,0,
1125,20,10,10,[],76,53,23,0,
1126,26,12,14,[],72,25,47,0,
1127,21,8,13,[],42,11,31,0,
524,11,11,[],[],1271,1271,0,0,
525,5,5,[],[],45,45,0,0,
526,8,8,[],[],17,17,0,0,
527,12,12,[],[],32,32,0,0,
1018,25,16,9,[],50,23,27,0,
1019,24,13,11,[],38,17,21,0,
522,14,7,7,[],33,17,16,0,
523,4,4,[],[],12,12,0,0,
1014,25,16,9,[],71,23,48,0,
1015,25,13,12,[],46,20,26,0,
1016,26,13,13,[],58,30,28,0,
1017,32,16,16,[],67,31,36,0,
1010,30,12,9,9,80,29,19,32,
1011,30,13,17,[],72,24,48,0,
1012,28,11,17,[],184,26,158,0,
1013,32,17,15,[],42,20,22,0,
1234,22,12,10,[],59,33,26,0,
1235,27,12,15,[],158,29,129,0,
1236,27,10,8,9,548,181,18,349,
1237,22,10,12,[],154,24,130,0,
1230,23,11,12,[],71,35,36,0,
1231,24,12,12,[],66,37,29,0,
1232,18,10,8,[],49,31,18,0,
1233,20,9,11,[],50,21,29,0,
1238,20,9,11,[],61,46,15,0,
1239,21,11,10,[],68,39,29,0,
439,3,3,[],[],12,12,0,0,
436,1,1,[],[],1,1,0,0,
435,12,12,[],[],143,143,0,0,
430,1,1,[],[],16,16,0,0,
1630,22,11,11,[],205,73,132,0,
1960,19,8,11,[],77,28,49,0,
1961,19,7,12,[],153,44,109,0,
238,2,2,[],[],46,46,0,0,
239,7,7,[],[],365,365,0,0,
234,4,4,[],[],75,75,0,0,
236,1,1,[],[],2,2,0,0,
2228,21,9,12,[],465,59,406,0,
2229,19,8,11,[],105,45,60,0,
2226,20,8,12,[],183,58,125,0,
2227,20,9,11,[],167,113,54,0,
2224,16,6,10,[],177,43,134,0,
2225,20,9,11,[],649,51,598,0,
2222,17,6,11,[],112,43,69,0,
2223,18,8,10,[],155,84,71,0,
2220,19,8,11,[],100,56,44,0,
2221,18,7,11,[],107,60,47,0,
145,1,1,[],[],12,12,0,0,
143,7,7,[],[],110,110,0,0,
2088,19,8,11,[],61,30,31,0,
2089,21,10,11,[],294,257,37,0,
2082,19,8,11,[],109,77,32,0,
2083,21,9,12,[],94,46,48,0,
2080,22,9,13,[],135,60,75,0,
2081,18,9,9,[],327,58,269,0,
2086,21,9,12,[],178,112,66,0,
2087,21,8,13,[],309,155,154,0,
2084,20,8,12,[],97,40,57,0,
2085,18,8,10,[],118,79,39,0,
1832,19,8,11,[],88,42,46,0,
1833,25,11,14,[],217,52,165,0,
1830,21,8,13,[],68,26,42,0,
1831,20,10,10,[],140,96,44,0,
1836,20,10,10,[],106,47,59,0,
1837,20,9,11,[],104,37,67,0,
1834,25,12,13,[],116,57,59,0,
1835,29,16,13,[],658,40,618,0,
1838,19,8,11,[],178,110,68,0,
1839,32,18,14,[],122,82,40,0,
2406,18,8,10,[],117,66,51,0,
2407,20,9,11,[],238,68,170,0,
2404,16,7,9,[],97,55,42,0,
938,28,15,13,[],35,20,15,0,
2402,19,9,10,[],92,59,33,0,
2403,18,7,11,[],113,63,50,0,
2400,18,7,11,[],135,36,99,0,
2153,20,9,11,[],101,54,47,0,
933,24,14,10,[],54,32,22,0,
932,26,14,12,[],51,26,25,0,
931,25,14,11,[],40,20,20,0,
930,23,12,11,[],38,22,16,0,
2158,18,8,10,[],120,56,64,0,
2159,20,9,11,[],226,129,97,0,
2408,19,7,12,[],491,450,41,0,
2409,19,8,11,[],115,45,70,0,
1955,20,9,11,[],93,61,32,0,
1954,22,9,13,[],135,69,66,0,
1957,19,8,11,[],374,343,31,0,
1956,20,8,12,[],322,76,246,0,
1951,19,8,11,[],216,70,146,0,
1950,19,7,12,[],80,32,48,0,
1953,19,7,12,[],100,43,57,0,
1952,19,8,11,[],115,55,60,0,
1959,18,6,12,[],72,30,42,0,
1958,19,8,11,[],76,43,33,0,
829,26,13,13,[],33,18,15,0,
828,24,13,11,[],32,15,17,0,
825,23,13,10,[],36,21,15,0,
824,24,14,10,[],33,17,16,0,
827,22,16,6,[],36,26,10,0,
826,23,12,11,[],105,82,23,0,
823,24,13,11,[],209,96,113,0,
822,29,15,14,[],81,43,38,0,
1536,22,9,13,[],87,46,41,0,
1483,23,11,12,[],226,152,74,0,
1482,24,12,12,[],127,72,55,0,
1481,20,10,10,[],85,50,35,0,
1480,23,11,12,[],1132,682,450,0,
1487,23,10,13,[],112,46,66,0,
1486,20,9,11,[],79,33,46,0,
1485,23,10,13,[],57,27,30,0,
1484,29,5,10,14,413,16,48,349,
1489,19,9,10,[],64,27,37,0,
1488,19,8,11,[],91,39,52,0,
1713,19,8,11,[],187,90,97,0,
928,27,15,12,[],90,23,67,0,
1711,19,8,11,[],106,47,59,0,
1710,22,10,12,[],171,91,80,0,
1717,18,7,11,[],69,38,31,0,
1716,22,8,14,[],124,41,83,0,
1715,20,8,12,[],66,31,35,0,
2410,18,8,10,[],1486,53,1433,0,
1719,19,9,10,[],96,49,47,0,
1718,16,6,10,[],65,31,34,0,
2413,19,7,12,[],173,103,70,0,
799,24,9,15,[],219,27,192,0,
798,22,11,11,[],25,13,12,0,
1270,21,11,10,[],28,14,14,0,
2144,18,8,10,[],140,71,69,0,
1271,23,10,13,[],106,30,76,0,
2415,17,7,10,[],88,53,35,0,
1272,23,11,12,[],68,33,35,0,
2414,19,7,12,[],92,32,60,0,
1139,23,11,12,[],179,41,138,0,
1138,17,9,8,[],53,36,17,0,
2141,19,8,11,[],96,44,52,0,
1133,21,11,10,[],147,25,122,0,
1132,19,9,10,[],115,75,40,0,
1131,21,11,10,[],117,18,99,0,
1130,19,9,10,[],116,25,91,0,
1137,20,10,10,[],63,39,24,0,
1136,21,9,12,[],81,29,52,0,
1135,20,9,11,[],42,20,22,0,
1134,19,8,11,[],738,684,54,0,
2419,18,8,10,[],196,95,101,0,
2418,18,7,11,[],156,65,91,0,
1277,21,10,11,[],246,38,208,0,
519,28,28,[],[],1002,1002,0,0,
518,6,6,[],[],7,7,0,0,
926,25,16,9,[],38,25,13,0,
1009,26,13,13,[],66,35,31,0,
1008,29,14,15,[],50,14,36,0,
1007,30,15,15,[],52,24,28,0,
1006,26,10,16,[],55,19,36,0,
1005,32,17,15,[],124,86,38,0,
512,13,13,[],[],13,13,0,0,
515,19,12,7,[],40,21,19,0,
1002,23,14,9,[],74,43,31,0,
1001,27,13,14,[],77,23,54,0,
1000,23,12,11,[],191,20,171,0,
1227,21,9,12,[],61,21,40,0,
1226,21,11,10,[],67,41,26,0,
1225,20,10,10,[],56,29,27,0,
1224,21,11,10,[],47,25,22,0,
1223,21,9,12,[],60,23,37,0,
1222,22,11,11,[],95,56,39,0,
625,18,18,[],[],34,34,0,0,
624,10,10,[],[],53,53,0,0,
628,15,15,[],[],51,51,0,0,
1229,23,10,13,[],62,28,34,0,
1228,21,10,11,[],100,45,55,0,
1535,22,10,12,[],75,42,33,0,
1714,19,7,12,[],122,59,63,0,
929,26,13,13,[],51,17,34,0,
201,1,1,[],[],1,1,0,0,
200,3,3,[],[],28,28,0,0,
205,4,4,[],[],118,118,0,0,
685,20,7,13,[],33,12,21,0,
684,26,10,16,[],253,47,206,0,
687,27,9,18,[],120,17,103,0,
2239,16,7,9,[],94,56,38,0,
2238,17,6,11,[],103,41,62,0,
686,27,8,19,[],186,16,170,0,
2231,16,6,10,[],85,39,46,0,
2230,19,9,10,[],236,189,47,0,
2233,19,7,12,[],78,57,21,0,
2232,21,8,13,[],164,46,118,0,
2235,18,8,10,[],149,82,67,0,
2234,17,7,10,[],105,53,52,0,
2237,17,7,10,[],88,30,58,0,
2236,20,8,12,[],1367,1269,98,0,
683,22,22,[],[],40,40,0,0,
682,8,8,[],[],13,13,0,0,
2095,20,10,10,[],93,53,40,0,
2094,22,9,13,[],178,37,141,0,
2097,22,11,11,[],491,70,421,0,
2096,21,9,12,[],85,39,46,0,
2091,19,9,10,[],99,66,33,0,
2090,20,9,11,[],130,70,60,0,
2093,21,9,12,[],115,60,55,0,
2092,18,8,10,[],120,67,53,0,
2099,19,8,11,[],61,27,34,0,
2098,20,8,12,[],71,36,35,0,
1829,21,9,12,[],120,56,64,0,
1828,19,6,13,[],91,36,55,0,
1825,19,8,11,[],106,52,54,0,
1824,22,9,13,[],93,55,38,0,
1827,21,9,12,[],143,54,89,0,
1826,20,9,11,[],129,91,38,0,
1821,18,7,11,[],69,30,39,0,
1820,21,10,11,[],116,97,19,0,
1823,20,8,12,[],76,27,49,0,
1822,20,9,11,[],98,48,50,0,
2147,22,8,14,[],1237,1164,73,0,
2146,18,7,11,[],100,52,48,0,
2145,19,9,10,[],127,59,68,0,
2412,17,7,10,[],127,57,70,0,
2143,22,9,13,[],144,74,70,0,
2142,18,7,11,[],123,57,66,0,
2417,17,7,10,[],149,46,103,0,
2140,19,8,11,[],178,129,49,0,
920,26,12,14,[],144,111,33,0,
921,27,15,12,[],54,19,35,0,
922,23,11,12,[],43,23,20,0,
923,22,14,8,[],54,36,18,0,
924,28,16,12,[],56,23,33,0,
925,27,14,13,[],63,20,43,0,
2149,19,6,13,[],91,36,55,0,
2148,17,7,10,[],117,53,64,0,
2411,18,8,10,[],117,56,61,0,
1920,23,9,14,[],109,53,56,0,
1921,20,8,12,[],82,30,52,0,
1922,19,6,13,[],78,26,52,0,
1923,20,8,12,[],137,100,37,0,
1924,19,7,12,[],88,33,55,0,
1925,21,7,14,[],130,73,57,0,
1926,19,8,11,[],58,30,28,0,
1927,22,9,13,[],136,60,76,0,
1928,20,9,11,[],173,58,115,0,
1929,20,9,11,[],63,25,38,0,
832,27,15,12,[],54,35,19,0,
833,31,13,18,[],47,15,32,0,
830,22,12,10,[],24,14,10,0,
831,21,14,7,[],34,17,17,0,
836,24,16,8,[],56,36,20,0,
837,25,12,13,[],157,17,140,0,
834,17,7,10,[],17,8,9,0,
835,21,11,10,[],31,17,14,0,
838,27,17,10,[],57,44,13,0,
839,24,14,10,[],28,18,10,0,
784,22,10,12,[],62,33,29,0,
785,24,11,13,[],64,44,20,0,
786,23,12,11,[],822,810,12,0,
787,17,8,9,[],37,13,24,0,
780,23,11,12,[],249,82,167,0,
781,17,12,5,[],47,22,25,0,
1728,20,8,12,[],104,48,56,0,
1729,17,8,9,[],76,35,41,0,
1726,18,8,10,[],105,59,46,0,
1727,20,8,12,[],196,51,145,0,
1724,23,8,15,[],964,882,82,0,
1725,21,9,12,[],163,37,126,0,
1722,19,9,10,[],113,72,41,0,
1723,17,6,11,[],102,46,56,0,
1720,22,10,12,[],124,66,58,0,
1721,21,8,13,[],447,52,395,0,
60,17,9,8,[],145,77,68,0,
63,1,1,[],[],0,0,0,0,
1588,22,10,12,[],92,37,55,0,
1589,21,10,11,[],64,37,27,0,
1582,20,9,11,[],67,35,32,0,
1583,17,8,9,[],92,66,26,0,
1580,20,9,11,[],70,34,36,0,
1581,19,8,11,[],85,46,39,0,
1586,22,10,12,[],141,61,80,0,
1587,22,10,12,[],106,53,53,0,
1584,18,7,11,[],72,35,37,0,
1585,19,9,10,[],102,54,48,0,
1038,19,19,[],[],30,30,0,0,
1039,25,14,11,[],92,43,49,0,
509,13,8,5,[],92,80,12,0,
1032,22,9,13,[],67,16,51,0,
1033,25,13,12,[],94,32,62,0,
1030,23,10,13,[],42,18,24,0,
1031,26,14,12,[],65,27,38,0,
1036,28,12,16,[],76,30,46,0,
503,7,7,[],[],27,27,0,0,
1034,33,12,9,12,68,22,18,28,
501,10,10,[],[],51,51,0,0,
630,10,10,[],[],31,31,0,0,
631,11,11,[],[],67,67,0,0,
632,18,18,[],[],57,57,0,0,
1211,20,10,10,[],96,46,50,0,
1216,20,8,12,[],75,32,43,0,
401,4,4,[],[],33,33,0,0,
1214,3,3,[],[],63,63,0,0,
1215,21,10,11,[],70,36,34,0,
638,11,11,[],[],38,38,0,0,
639,11,11,[],[],10,10,0,0,
1218,10,10,[],[],2292,2292,0,0,
927,25,15,10,[],41,19,22,0,
2416,17,6,11,[],128,29,99,0,
782,15,15,[],[],98,98,0,0,
783,18,11,7,[],36,27,9,0,
1454,26,11,15,[],127,45,82,0,
1455,22,11,11,[],75,47,28,0,
1104,18,9,9,[],52,24,28,0,
1105,22,10,12,[],57,24,33,0,
1102,21,12,9,[],63,43,20,0,
1103,17,9,8,[],59,31,28,0,
1452,23,10,13,[],87,41,46,0,
1101,20,10,10,[],118,71,47,0,
1458,21,11,10,[],95,63,32,0,
1459,22,11,11,[],81,38,43,0,
1108,24,12,12,[],127,85,42,0,
1109,17,10,7,[],39,25,14,0,
788,23,16,7,[],46,35,11,0,
789,19,10,9,[],31,15,16,0,
1357,22,10,12,[],88,37,51,0,
681,26,10,16,[],86,43,43,0,
691,12,12,[],[],33,33,0,0,
680,19,9,10,[],84,35,49,0,
2136,21,9,12,[],111,72,39,0,
2137,16,6,10,[],79,32,47,0,
215,8,8,[],[],179,179,0,0,
213,4,4,[],[],118,118,0,0,
210,2,2,[],[],49,49,0,0,
1530,23,9,14,[],193,74,119,0,
2138,20,8,12,[],1433,1372,61,0,
2139,18,7,11,[],59,37,22,0,
2396,17,7,10,[],114,53,61,0,
2397,18,7,11,[],235,25,210,0,
2394,17,7,10,[],651,52,599,0,
2395,19,8,11,[],162,63,99,0,
2392,18,7,11,[],110,47,63,0,
2393,18,8,10,[],163,90,73,0,
2390,18,8,10,[],216,63,153,0,
2391,18,9,9,[],110,67,43,0,
2398,20,9,11,[],116,73,43,0,
2399,18,7,11,[],92,53,39,0,
1858,20,8,12,[],108,67,41,0,
1859,21,9,12,[],98,40,58,0,
1850,23,9,14,[],156,43,113,0,
1851,21,10,11,[],1255,1213,42,0,
1852,20,9,11,[],83,45,38,0,
1853,23,8,15,[],1303,57,1246,0,
1854,17,7,10,[],155,121,34,0,
1855,22,11,11,[],89,41,48,0,
1856,20,8,12,[],138,54,84,0,
1857,21,9,12,[],158,94,64,0,
2172,18,7,11,[],91,39,52,0,
2173,16,6,10,[],78,43,35,0,
2170,19,8,11,[],106,51,55,0,
2171,19,7,12,[],234,171,63,0,
2176,22,9,13,[],122,65,57,0,
2177,19,8,11,[],207,62,145,0,
2174,19,7,12,[],566,60,506,0,
2175,21,9,12,[],155,69,86,0,
915,24,13,11,[],33,16,17,0,
914,29,15,14,[],103,56,47,0,
2178,22,8,14,[],1404,41,1363,0,
2179,17,7,10,[],97,63,34,0,
911,27,15,12,[],231,215,16,0,
910,31,14,17,[],609,31,578,0,
913,24,14,10,[],41,19,22,0,
912,31,14,17,[],56,16,40,0,
1457,24,12,12,[],74,27,47,0,
1933,21,9,12,[],104,56,48,0,
1932,19,8,11,[],578,80,498,0,
1931,18,7,11,[],114,63,51,0,
1930,18,7,11,[],68,22,46,0,
1937,19,8,11,[],142,64,78,0,
1936,20,9,11,[],146,87,59,0,
1935,19,7,12,[],162,92,70,0,
1934,20,8,12,[],301,223,78,0,
1939,20,9,11,[],135,94,41,0,
1938,20,9,11,[],204,116,88,0,
847,29,12,17,[],82,21,61,0,
846,21,10,11,[],24,12,12,0,
845,26,13,13,[],58,38,20,0,
844,25,13,12,[],57,36,21,0,
843,32,15,17,[],408,23,385,0,
842,22,14,8,[],33,20,13,0,
841,24,14,10,[],163,113,50,0,
840,23,12,11,[],100,69,31,0,
849,27,18,9,[],116,39,77,0,
848,29,15,14,[],38,16,22,0,
1739,18,8,10,[],159,82,77,0,
1738,20,9,11,[],140,93,47,0,
1731,20,8,12,[],78,37,41,0,
1730,22,10,12,[],108,40,68,0,
1733,18,9,9,[],658,608,50,0,
1732,18,6,12,[],134,41,93,0,
1735,18,8,10,[],125,62,63,0,
1734,22,9,13,[],175,73,102,0,
1737,22,8,14,[],223,51,172,0,
1736,20,9,11,[],106,61,45,0,
732,15,15,[],[],43,43,0,0,
753,9,9,[],[],105,105,0,0,
752,3,3,[],[],38,38,0,0,
751,7,7,[],[],83,83,0,0,
750,13,13,[],[],47,47,0,0,
756,25,11,14,[],418,32,386,0,
755,18,18,[],[],77,77,0,0,
754,20,20,[],[],106,106,0,0,
1595,17,7,10,[],65,26,39,0,
1594,20,9,11,[],66,32,34,0,
1597,18,8,10,[],146,33,113,0,
1596,22,10,12,[],143,94,49,0,
1591,20,8,12,[],587,37,550,0,
1590,19,9,10,[],79,32,47,0,
1593,23,10,13,[],128,64,64,0,
1592,19,9,10,[],123,69,54,0,
1599,19,8,11,[],435,28,407,0,
1598,17,8,9,[],77,44,33,0,
1025,25,14,11,[],212,47,165,0,
1024,22,13,9,[],47,30,17,0,
1027,28,12,16,[],68,24,44,0,
1026,29,16,13,[],177,23,154,0,
1021,28,13,10,5,51,25,13,13,
1020,22,12,10,[],28,17,11,0,
1023,22,12,10,[],120,45,75,0,
1022,23,10,13,[],68,25,43,0,
502,10,10,[],[],9,9,0,0,
1029,24,10,14,[],63,20,43,0,
1028,25,11,14,[],107,66,41,0,
1037,30,12,18,[],105,27,78,0,
1035,26,12,14,[],47,20,27,0,
605,20,4,16,[],29,0,29,0,
1212,20,8,12,[],240,30,210,0,
607,15,5,10,[],132,82,50,0,
606,12,7,5,[],26,12,14,0,
1209,17,8,9,[],48,25,23,0,
1208,22,9,13,[],104,44,60,0,
603,13,13,[],[],13,13,0,0,
1213,19,8,11,[],226,25,201,0,
1205,19,10,9,[],46,26,20,0,
1204,21,7,14,[],51,22,29,0,
1207,16,8,8,[],45,29,16,0,
1206,18,8,10,[],48,25,23,0,
609,18,7,11,[],71,20,51,0,
1200,21,10,11,[],97,55,42,0,
1203,18,7,11,[],35,16,19,0,
1202,22,9,13,[],78,35,43,0,
633,13,13,[],[],100,100,0,0,
635,13,13,[],[],133,133,0,0,
636,8,8,[],[],23,23,0,0,
637,9,9,[],[],329,329,0,0,
1111,20,10,10,[],52,16,36,0,
1110,19,11,8,[],48,24,24,0,
1113,21,11,10,[],138,106,32,0,
1112,20,12,8,[],56,31,25,0,
1115,21,10,11,[],52,26,26,0,
1442,24,13,11,[],89,49,40,0,
1117,21,11,10,[],49,22,27,0,
1116,20,11,9,[],58,21,37,0,
1119,20,11,9,[],60,37,23,0,
1118,25,14,11,[],82,65,17,0,
1449,22,11,11,[],95,60,35,0,
1448,22,10,12,[],82,35,47,0,
1219,19,9,10,[],75,38,37,0,
2401,18,8,10,[],129,62,67,0,
1356,25,12,13,[],79,31,48,0,
489,13,6,7,[],40,16,24,0,
486,12,8,4,[],22,18,4,0,
485,7,7,[],[],14,14,0,0,
484,7,3,4,[],227,109,118,0,
483,20,7,13,[],34,10,24,0,
482,11,5,6,[],30,11,19,0,
481,10,10,[],[],26,26,0,0,
194,5,5,[],[],128,128,0,0,
196,2,2,[],[],18,18,0,0,
1106,21,10,11,[],60,29,31,0,
1107,20,12,8,[],135,42,93,0,
1456,22,11,11,[],85,45,40,0,
2381,18,7,11,[],137,54,83,0,
2380,19,8,11,[],109,50,59,0,
2383,23,9,14,[],284,152,132,0,
2382,21,10,11,[],176,114,62,0,
2385,19,8,11,[],120,56,64,0,
2384,19,8,11,[],201,95,106,0,
2387,17,7,10,[],135,67,68,0,
2386,19,8,11,[],114,51,63,0,
2389,17,6,11,[],124,60,64,0,
2388,21,9,12,[],290,74,216,0,
1451,23,12,11,[],41,19,22,0,
1100,18,9,9,[],34,14,20,0,
1453,26,11,15,[],148,64,84,0,
902,26,10,16,[],941,13,928,0,
903,28,13,15,[],101,32,69,0,
900,25,12,13,[],232,44,188,0,
901,24,13,11,[],45,19,26,0,
906,25,13,12,[],55,29,26,0,
907,25,13,12,[],189,25,164,0,
904,30,14,16,[],380,18,362,0,
905,26,13,13,[],29,16,13,0,
1843,32,8,9,15,79,26,29,24,
1842,34,10,10,14,112,52,34,26,
908,29,14,15,[],69,27,42,0,
909,24,13,11,[],40,18,22,0,
1847,20,9,11,[],127,68,59,0,
1846,21,8,13,[],250,195,55,0,
1845,20,9,11,[],103,52,51,0,
1844,19,7,12,[],169,104,65,0,
2169,20,9,11,[],178,107,71,0,
2168,21,8,13,[],187,66,121,0,
2165,20,7,13,[],119,52,67,0,
2164,19,8,11,[],269,91,178,0,
2167,18,8,10,[],148,99,49,0,
2166,20,8,12,[],148,62,86,0,
2161,19,7,12,[],78,26,52,0,
2160,21,10,11,[],96,67,29,0,
2163,19,9,10,[],234,79,155,0,
2162,18,7,11,[],132,72,60,0,
1908,21,9,12,[],89,58,31,0,
1909,19,7,12,[],101,38,63,0,
1906,20,8,12,[],94,49,45,0,
1907,20,8,12,[],77,26,51,0,
1904,18,7,11,[],73,34,39,0,
1905,19,8,11,[],106,70,36,0,
1902,22,9,13,[],136,82,54,0,
1903,19,7,12,[],81,38,43,0,
1900,20,8,12,[],109,58,51,0,
1901,16,7,9,[],77,45,32,0,
854,29,16,13,[],136,33,103,0,
855,28,18,10,[],49,31,18,0,
856,27,12,9,6,152,111,28,13,
857,25,14,11,[],64,39,25,0,
850,32,17,15,[],883,116,767,0,
851,25,16,9,[],27,17,10,0,
852,19,14,5,[],68,64,4,0,
853,28,16,12,[],46,21,25,0,
858,24,13,11,[],44,27,17,0,
859,27,16,11,[],45,31,14,0,
740,25,9,8,8,140,99,23,18,
741,29,10,19,[],762,63,699,0,
744,32,32,[],[],77,77,0,0,
745,3,3,[],[],40,40,0,0,
748,18,18,[],[],78,78,0,0,
749,31,23,8,[],239,54,185,0,
1798,22,9,13,[],55,19,36,0,
1050,6,6,[],[],2,2,0,0,
1051,15,9,6,[],50,42,8,0,
1052,18,8,10,[],44,11,33,0,
1053,15,15,[],[],501,501,0,0,
1054,23,11,12,[],370,348,22,0,
1055,25,15,10,[],354,40,314,0,
1056,25,10,15,[],624,28,596,0,
1057,24,13,11,[],33,18,15,0,
1058,24,13,11,[],60,27,33,0,
1059,25,12,13,[],184,17,167,0,
1696,19,9,10,[],103,61,42,0,
1697,19,6,13,[],284,68,216,0,
1694,20,9,11,[],98,57,41,0,
1695,22,10,12,[],1897,1765,132,0,
1692,20,8,12,[],157,91,66,0,
1693,19,8,11,[],85,39,46,0,
1690,18,8,10,[],110,61,49,0,
1691,19,9,10,[],426,376,50,0,
1698,23,11,12,[],312,236,76,0,
1699,18,8,10,[],76,44,32,0,
1278,20,10,10,[],91,31,60,0,
1279,19,8,11,[],55,24,31,0,
618,21,21,[],[],60,60,0,0,
619,13,13,[],[],18,18,0,0,
612,26,15,11,[],100,55,45,0,
613,31,11,20,[],294,24,270,0,
610,13,13,[],[],20,20,0,0,
611,19,10,9,[],49,21,28,0,
616,11,11,[],[],32,32,0,0,
617,14,14,[],[],140,140,0,0,
1276,18,9,9,[],61,29,32,0,
615,15,15,[],[],40,40,0,0,
1795,21,10,11,[],210,167,43,0,
1794,22,7,10,5,109,37,51,21,
1472,19,9,10,[],58,24,34,0,
1473,24,12,12,[],111,60,51,0,
1470,22,10,12,[],103,58,45,0,
1471,21,10,11,[],60,31,29,0,
1476,22,12,10,[],111,63,48,0,
1477,22,11,11,[],146,50,96,0,
1474,23,12,11,[],127,91,36,0,
1475,22,10,12,[],117,49,68,0,
1478,24,12,12,[],80,35,45,0,
1479,21,11,10,[],502,480,22,0,
1304,24,10,14,[],91,62,29,0,
1305,21,10,11,[],91,36,55,0,
1306,22,9,13,[],61,30,31,0,
1307,24,11,13,[],421,34,387,0,
1300,23,11,12,[],81,54,27,0,
1301,21,9,12,[],68,32,36,0,
1302,23,10,13,[],93,39,54,0,
1303,23,11,12,[],94,68,26,0,
1308,21,8,13,[],117,85,32,0,
1309,19,7,12,[],107,40,67,0,
498,5,5,[],[],15,15,0,0,
1499,20,10,10,[],89,62,27,0,
495,6,6,[],[],17,17,0,0,
490,19,5,14,[],58,20,38,0,
491,13,6,7,[],53,32,21,0,
492,17,4,13,[],188,4,184,0,
27,4,4,[],[],0,0,0,0,
20,5,5,[],[],0,0,0,0,
29,13,13,[],[],10,10,0,0,
1516,23,11,12,[],168,104,64,0,
1511,21,9,12,[],494,34,460,0,
2288,19,9,10,[],111,69,42,0,
2289,17,7,10,[],149,54,95,0,
2280,18,7,11,[],106,49,57,0,
2281,19,8,11,[],123,56,67,0,
2282,20,9,11,[],138,89,49,0,
2283,16,6,10,[],144,62,82,0,
2284,19,9,10,[],93,59,34,0,
2285,18,7,11,[],165,68,97,0,
2286,19,7,12,[],148,55,93,0,
2287,20,9,11,[],135,68,67,0,
2378,10,10,[],[],1527,1527,0,0,
2379,19,8,11,[],203,133,70,0,
2374,21,8,13,[],109,43,66,0,
2375,18,7,11,[],77,40,37,0,
2376,18,8,10,[],231,69,162,0,
2377,19,8,11,[],90,48,42,0,
2370,21,9,12,[],267,57,210,0,
2371,21,9,12,[],432,203,229,0,
2372,17,6,11,[],252,39,213,0,
2373,18,7,11,[],93,48,45,0,
1087,24,10,14,[],65,23,42,0,
1086,22,10,12,[],51,25,26,0,
1085,21,11,10,[],77,46,31,0,
1876,19,8,11,[],86,34,52,0,
1874,18,7,11,[],85,38,47,0,
1875,17,6,11,[],75,41,34,0,
1872,19,8,11,[],115,66,49,0,
1873,20,8,12,[],99,37,62,0,
1870,20,6,14,[],101,25,76,0,
1871,18,8,10,[],69,27,42,0,
1878,21,10,11,[],124,79,45,0,
1879,20,8,12,[],130,52,78,0,
977,23,14,9,[],37,28,9,0,
976,26,13,13,[],40,20,20,0,
975,23,12,11,[],46,27,19,0,
974,23,12,11,[],36,19,17,0,
973,28,14,14,[],75,46,29,0,
972,22,11,11,[],40,15,25,0,
971,22,11,11,[],57,28,29,0,
970,26,14,12,[],58,29,29,0,
979,19,14,5,[],59,41,18,0,
2118,21,9,12,[],219,122,97,0,
2119,21,9,12,[],142,77,65,0,
180,14,8,6,[],655,326,329,0,
2110,21,9,12,[],1443,1402,41,0,
2111,18,8,10,[],127,73,54,0,
2112,17,8,9,[],93,53,40,0,
2113,20,7,13,[],59,20,39,0,
2114,18,8,10,[],95,52,43,0,
2115,18,8,10,[],309,269,40,0,
2116,16,6,10,[],92,37,55,0,
2117,18,8,10,[],134,50,84,0,
1919,20,8,12,[],96,41,55,0,
1918,20,9,11,[],122,73,49,0,
1911,21,9,12,[],65,28,37,0,
1910,20,7,13,[],89,28,61,0,
1913,18,7,11,[],68,37,31,0,
1912,20,8,12,[],60,28,32,0,
1915,18,8,10,[],89,51,38,0,
1914,20,7,13,[],114,43,71,0,
1917,19,8,11,[],73,42,31,0,
1916,21,9,12,[],130,71,59,0,
869,22,14,8,[],47,21,26,0,
868,30,20,10,[],71,40,31,0,
861,22,14,8,[],45,25,20,0,
860,26,14,12,[],37,22,15,0,
863,31,15,16,[],167,29,138,0,
862,27,18,9,[],48,28,20,0,
865,23,9,10,4,62,18,16,28,
864,25,14,11,[],96,85,11,0,
867,26,14,12,[],54,27,27,0,
866,10,10,[],[],16,16,0,0,
2024,20,8,12,[],144,104,40,0,
2025,20,8,12,[],103,41,62,0,
2026,19,8,11,[],87,53,34,0,
2027,18,8,10,[],120,79,41,0,
2020,20,8,12,[],157,105,52,0,
2021,19,6,13,[],159,64,95,0,
2022,22,9,13,[],107,48,59,0,
2023,22,10,12,[],548,55,493,0,
2028,19,8,11,[],85,33,52,0,
2029,20,7,13,[],91,35,56,0,
883,28,16,12,[],79,27,52,0,
882,21,13,8,[],23,15,8,0,
881,31,19,12,[],65,49,16,0,
880,28,14,14,[],89,51,38,0,
887,29,14,15,[],45,16,29,0,
886,29,14,15,[],55,29,26,0,
885,28,13,15,[],41,19,22,0,
884,29,14,6,9,125,91,15,19,
889,26,14,12,[],42,19,23,0,
888,28,12,16,[],42,17,25,0,
775,18,8,10,[],22,10,12,0,
774,25,13,12,[],66,15,51,0,
777,3,3,[],[],6,6,0,0,
771,22,12,10,[],73,16,57,0,
770,21,10,11,[],58,34,24,0,
773,24,12,12,[],36,22,14,0,
772,25,12,13,[],52,19,33,0,
779,10,10,[],[],30,30,0,0,
778,14,8,6,[],43,27,16,0,
77,19,9,10,[],224,133,91,0,
1043,26,14,12,[],76,32,44,0,
1042,26,12,14,[],582,149,433,0,
1041,26,14,12,[],44,27,17,0,
1040,22,12,10,[],41,25,16,0,
1047,28,14,6,8,63,27,16,20,
1046,30,14,16,[],92,39,53,0,
1045,24,12,12,[],56,24,32,0,
1044,24,12,12,[],55,25,30,0,
1049,29,12,8,9,310,75,15,220,
1048,32,14,18,[],447,243,204,0,
1681,16,6,10,[],95,57,38,0,
1680,17,8,9,[],91,53,38,0,
1683,17,8,9,[],69,38,31,0,
1682,18,6,12,[],84,29,55,0,
1685,21,10,11,[],136,94,42,0,
1684,18,7,11,[],529,46,483,0,
1687,19,8,11,[],92,44,48,0,
1686,20,8,12,[],102,43,59,0,
1689,17,9,8,[],239,190,49,0,
1688,19,7,12,[],127,50,77,0,
1269,21,10,11,[],58,30,28,0,
1268,19,7,12,[],56,19,37,0,
669,16,6,10,[],98,14,84,0,
668,2,[],2,[],8,0,8,0,
1263,17,8,9,[],62,19,43,0,
1262,24,12,12,[],173,41,132,0,
1261,20,9,11,[],52,27,25,0,
664,19,19,[],[],35,35,0,0,
663,20,20,[],[],83,83,0,0,
1266,19,9,10,[],64,33,31,0,
1265,21,9,12,[],58,24,34,0,
1264,20,9,11,[],58,25,33,0,
1469,22,10,12,[],97,43,54,0,
1468,18,8,10,[],1913,96,1817,0,
1465,24,12,12,[],118,67,51,0,
1464,6,6,[],[],140,140,0,0,
1467,20,10,10,[],170,132,38,0,
1466,23,11,12,[],120,62,58,0,
1461,24,11,13,[],93,35,58,0,
1460,24,11,13,[],177,135,42,0,
1463,23,11,12,[],95,35,60,0,
1462,21,10,11,[],70,36,34,0,
1317,20,10,10,[],124,26,98,0,
1316,2,2,[],[],5,5,0,0,
1315,20,9,11,[],85,39,46,0,
1314,19,10,9,[],52,25,27,0,
1313,20,12,8,[],59,34,25,0,
1312,12,12,[],[],17,17,0,0,
1311,25,8,8,9,154,29,24,101,
1310,19,8,11,[],76,39,37,0,
1319,22,12,10,[],86,46,40,0,
1318,22,9,13,[],116,51,65,0,
528,5,5,[],[],7,7,0,0,
529,7,7,[],[],14,14,0,0,
319,2,2,[],[],28,28,0,0,
313,2,2,[],[],6,6,0,0,
310,18,6,12,[],98,24,74,0,
316,16,16,[],[],41,41,0,0,
315,10,10,[],[],35,35,0,0,
314,6,6,[],[],30,30,0,0,
1335,24,11,13,[],74,34,40,0,
1333,23,10,13,[],83,28,55,0,
2324,17,7,10,[],65,30,35,0,
2299,19,7,12,[],162,82,80,0,
2298,17,7,10,[],95,44,51,0,
2293,21,8,13,[],100,44,56,0,
2292,19,6,13,[],149,32,117,0,
2291,18,7,11,[],84,46,38,0,
2290,18,7,11,[],132,56,76,0,
2297,17,7,10,[],81,26,55,0,
2296,19,7,12,[],107,53,54,0,
2295,17,7,10,[],127,66,61,0,
2294,18,8,10,[],133,69,64,0,
1615,18,8,10,[],1033,1002,31,0,
403,9,9,[],[],78,78,0,0,
2369,18,7,11,[],143,42,101,0,
2368,21,9,12,[],157,68,89,0,
2367,19,8,11,[],109,69,40,0,
2366,17,7,10,[],152,57,95,0,
2365,21,9,12,[],169,106,63,0,
2364,19,7,12,[],200,139,61,0,
2363,18,8,10,[],154,91,63,0,
2362,17,7,10,[],90,38,52,0,
2361,20,9,11,[],89,37,52,0,
2360,20,8,12,[],119,61,58,0,
1861,1,1,[],[],3,3,0,0,
1860,22,8,14,[],100,46,54,0,
1863,19,8,11,[],133,53,80,0,
1862,18,6,12,[],92,31,61,0,
1865,21,8,13,[],112,51,61,0,
1864,20,8,12,[],123,65,58,0,
1867,20,9,11,[],95,55,40,0,
1866,22,8,14,[],153,78,75,0,
1869,19,8,11,[],73,29,44,0,
1868,20,8,12,[],114,64,50,0,
964,31,15,16,[],52,19,33,0,
965,24,14,10,[],42,27,15,0,
966,21,13,8,[],56,34,22,0,
967,20,11,9,[],40,21,19,0,
960,26,13,13,[],30,16,14,0,
961,31,13,10,8,85,36,29,20,
962,31,16,15,[],102,24,78,0,
963,27,15,12,[],49,19,30,0,
968,11,6,5,[],26,10,16,0,
969,27,11,11,5,325,32,31,262,
2109,18,8,10,[],166,57,109,0,
2108,18,9,9,[],117,63,54,0,
2103,22,9,13,[],109,53,56,0,
2102,22,8,14,[],145,39,106,0,
2101,20,8,12,[],127,80,47,0,
2100,21,10,11,[],110,40,70,0,
2107,18,7,11,[],127,44,83,0,
2106,19,8,11,[],355,55,300,0,
2105,19,8,11,[],149,90,59,0,
2104,20,9,11,[],124,57,67,0,
641,28,5,23,[],121,16,105,0,
878,32,19,13,[],76,28,48,0,
879,26,15,11,[],95,45,50,0,
876,22,13,9,[],82,72,10,0,
877,25,15,10,[],64,27,37,0,
874,31,16,15,[],118,25,93,0,
875,25,15,10,[],30,17,13,0,
872,28,15,13,[],38,21,17,0,
873,32,18,14,[],44,27,17,0,
870,33,16,17,[],99,56,43,0,
871,29,14,15,[],57,34,23,0,
2037,17,7,10,[],95,46,49,0,
2036,21,9,12,[],72,37,35,0,
2035,19,6,13,[],340,165,175,0,
1534,22,10,12,[],86,52,34,0,
2033,18,8,10,[],117,76,41,0,
2032,20,9,11,[],150,97,53,0,
2031,19,8,11,[],1506,1427,79,0,
2030,18,7,11,[],116,60,56,0,
645,13,13,[],[],102,102,0,0,
2039,20,9,11,[],1125,1053,72,0,
2038,20,7,13,[],144,41,103,0,
890,24,12,12,[],164,145,19,0,
891,25,15,10,[],40,21,19,0,
892,25,12,13,[],87,58,29,0,
893,21,11,10,[],42,16,26,0,
894,19,14,5,[],106,99,7,0,
895,20,9,5,6,33,17,7,9,
896,32,10,12,10,87,15,37,35,
897,23,11,12,[],27,11,16,0,
898,22,11,11,[],40,15,25,0,
899,23,13,10,[],31,18,13,0,
1246,22,11,11,[],68,33,35,0,
1249,23,12,11,[],255,226,29,0,
1248,21,12,9,[],56,28,28,0,
1537,23,9,14,[],102,49,53,0,
1616,19,9,10,[],239,49,190,0,
1617,21,9,12,[],143,48,95,0,
1614,22,8,14,[],275,99,176,0,
1788,23,11,12,[],68,35,33,0,
1789,19,9,10,[],102,29,73,0,
768,15,7,8,[],36,10,26,0,
769,24,13,11,[],93,38,55,0,
762,21,12,9,[],117,46,71,0,
1781,18,8,10,[],97,54,43,0,
760,12,12,[],[],63,63,0,0,
761,22,13,9,[],203,182,21,0,
766,17,12,5,[],53,30,23,0,
767,10,8,2,[],21,19,2,0,
764,17,17,[],[],45,45,0,0,
1787,15,5,10,[],109,25,84,0,
1610,19,9,10,[],81,52,29,0,
1611,18,7,11,[],100,47,53,0,
1078,29,10,19,[],90,47,43,0,
1079,25,14,11,[],38,22,16,0,
1076,24,11,13,[],100,23,77,0,
1077,23,9,14,[],84,15,69,0,
1074,20,9,11,[],82,44,38,0,
1075,22,13,9,[],107,57,50,0,
1072,23,12,11,[],51,28,23,0,
1073,23,12,11,[],326,303,23,0,
1070,20,10,10,[],38,20,18,0,
1071,19,10,9,[],63,21,42,0,
1678,20,9,11,[],212,36,176,0,
1679,16,8,8,[],61,27,34,0,
1674,18,7,11,[],339,57,282,0,
1675,22,11,11,[],83,49,34,0,
1676,16,7,9,[],70,32,38,0,
1677,21,7,10,4,144,38,87,19,
1670,17,7,10,[],55,30,25,0,
1671,18,7,11,[],108,40,68,0,
1672,22,9,13,[],160,76,84,0,
1673,21,8,13,[],176,71,105,0,
1094,22,7,15,[],142,12,130,0,
1095,21,10,11,[],33,12,21,0,
1096,18,10,8,[],46,26,20,0,
1097,21,9,12,[],40,17,23,0,
678,4,4,[],[],15,15,0,0,
679,27,5,22,[],94,14,80,0,
1092,21,12,9,[],42,26,16,0,
1093,21,11,10,[],103,31,72,0,
674,11,11,[],[],76,76,0,0,
675,29,10,19,[],67,21,46,0,
676,6,6,[],[],11,11,0,0,
677,4,4,[],[],10,10,0,0,
670,12,12,[],[],57,57,0,0,
671,20,12,8,[],183,161,22,0,
672,28,11,13,4,111,35,49,27,
673,18,4,14,[],108,10,98,0,
1418,21,9,12,[],71,33,38,0,
1419,22,10,12,[],83,37,46,0,
1410,22,10,12,[],110,67,43,0,
1411,23,10,13,[],132,50,82,0,
1412,23,11,12,[],75,45,30,0,
1413,21,11,10,[],62,35,27,0,
1414,21,10,11,[],93,41,52,0,
1415,23,11,12,[],93,50,43,0,
1416,22,10,12,[],46,24,22,0,
1417,10,10,[],[],323,323,0,0,
1322,23,12,11,[],94,60,34,0,
1323,20,9,11,[],70,43,27,0,
1320,20,9,11,[],53,22,31,0,
1321,20,10,10,[],114,64,50,0,
1326,23,11,12,[],104,65,39,0,
1327,20,10,10,[],48,23,25,0,
1324,21,11,10,[],85,44,41,0,
1325,23,10,13,[],144,31,113,0,
1328,22,10,12,[],77,44,33,0,
1329,22,10,12,[],60,31,29,0,
647,22,22,[],[],74,74,0,0,
1256,26,11,15,[],671,357,314,0,
1257,24,11,13,[],56,26,30,0,
1254,21,9,12,[],64,28,36,0,
1255,21,9,12,[],177,141,36,0,
1252,21,11,10,[],268,243,25,0,
1521,24,12,12,[],100,57,43,0,
1250,22,11,11,[],92,60,32,0,
1251,21,10,11,[],57,25,32,0,
1528,22,10,12,[],100,43,57,0,
1529,19,9,10,[],104,59,45,0,
1258,19,9,10,[],54,33,21,0,
1259,22,11,11,[],84,49,35,0,
308,12,12,[],[],83,83,0,0,
300,15,9,6,[],43,28,15,0,
301,10,10,[],[],12,12,0,0,
302,12,12,[],[],18,18,0,0,
303,12,12,[],[],11,11,0,0,
304,14,14,[],[],40,40,0,0,
306,1,1,[],[],2,2,0,0,
307,8,8,[],[],25,25,0,0,
1625,19,9,10,[],107,66,41,0,
1447,22,11,11,[],455,438,17,0,
2358,19,7,12,[],161,47,114,0,
2359,17,6,11,[],87,43,44,0,
2352,19,8,11,[],153,74,79,0,
2353,20,6,14,[],436,38,398,0,
2350,17,6,11,[],106,55,51,0,
2351,19,8,11,[],133,71,62,0,
2356,19,8,11,[],121,60,61,0,
2357,20,9,11,[],194,92,102,0,
2354,18,8,10,[],140,73,67,0,
2355,17,6,11,[],70,37,33,0,
1898,21,8,13,[],261,181,80,0,
1899,21,8,13,[],1826,80,1746,0,
1894,20,8,12,[],127,75,52,0,
1895,20,8,12,[],82,33,49,0,
1896,19,8,11,[],101,59,42,0,
1897,18,8,10,[],136,70,66,0,
1890,19,9,10,[],107,42,65,0,
1891,22,10,12,[],114,63,51,0,
1892,22,8,14,[],449,368,81,0,
1893,20,9,11,[],104,62,42,0,
959,32,11,11,10,39,12,14,13,
958,32,12,12,8,40,14,14,12,
2134,19,9,10,[],172,136,36,0,
2135,20,8,12,[],123,64,59,0,
2132,19,7,12,[],149,53,96,0,
2133,19,8,11,[],125,71,54,0,
2130,19,7,12,[],116,73,43,0,
2131,19,8,11,[],94,29,65,0,
951,32,18,14,[],286,41,245,0,
950,27,17,10,[],46,26,20,0,
953,30,17,13,[],46,26,20,0,
952,31,17,14,[],68,23,45,0,
955,27,13,14,[],85,29,56,0,
954,25,15,10,[],53,22,31,0,
957,33,14,8,11,44,18,11,15,
956,35,16,19,[],139,27,112,0,
2002,23,10,13,[],936,93,843,0,
2003,20,8,12,[],119,32,87,0,
2000,18,7,11,[],77,29,48,0,
2001,20,8,12,[],139,52,87,0,
2006,17,7,10,[],99,55,44,0,
2007,20,7,13,[],114,45,69,0,
2004,19,9,10,[],142,104,38,0,
2005,23,11,12,[],136,79,57,0,
2008,20,8,12,[],87,38,49,0,
2009,20,8,12,[],81,31,50,0,
506,11,4,7,[],666,474,192,0,
2034,20,8,12,[],102,55,47,0,
507,13,7,6,[],201,171,30,0,
667,16,16,[],[],83,83,0,0,
666,17,17,[],[],70,70,0,0,
919,28,16,12,[],49,24,25,0,
504,12,7,5,[],26,10,16,0,
665,14,14,[],[],205,205,0,0,
918,24,14,10,[],47,17,30,0,
1799,18,7,11,[],95,46,49,0,
1260,17,7,10,[],56,29,27,0,
719,27,12,15,[],474,97,377,0,
718,21,21,[],[],110,110,0,0,
717,18,10,8,[],75,33,42,0,
1267,22,11,11,[],53,33,20,0,
1791,20,7,13,[],138,50,88,0,
1790,22,9,13,[],152,82,70,0,
1797,22,10,12,[],79,36,43,0,
712,25,11,14,[],116,34,82,0,
711,13,6,7,[],70,22,48,0,
662,17,5,8,4,62,38,12,12,
661,21,21,[],[],112,112,0,0,
716,5,5,[],[],16,16,0,0,
505,21,6,15,[],372,52,320,0,
660,19,19,[],[],14,14,0,0,
917,26,14,12,[],49,27,22,0,
1069,22,12,10,[],61,33,28,0,
1068,18,11,7,[],41,22,19,0,
916,28,16,12,[],73,41,32,0,
1061,22,10,12,[],50,19,31,0,
1060,23,11,12,[],43,18,25,0,
1063,21,11,10,[],40,21,19,0,
1062,24,10,14,[],41,17,24,0,
1065,22,12,10,[],44,25,19,0,
1064,22,10,12,[],58,17,41,0,
1067,24,12,12,[],46,24,22,0,
1066,21,11,10,[],43,28,15,0,
1669,23,9,14,[],115,47,68,0,
1668,20,8,12,[],86,33,53,0,
1667,21,7,14,[],81,36,45,0,
1666,22,9,13,[],204,42,162,0,
1665,18,8,10,[],151,115,36,0,
1664,23,11,12,[],157,69,88,0,
1663,19,7,12,[],430,350,80,0,
1662,19,8,11,[],121,75,46,0,
1661,22,8,14,[],971,50,921,0,
1660,18,8,10,[],150,109,41,0,
591,20,20,[],[],31,31,0,0,
590,15,15,[],[],112,112,0,0,
593,17,13,4,[],29,25,4,0,
592,24,12,12,[],241,31,210,0,
1083,23,11,12,[],428,393,35,0,
594,13,5,8,[],13,6,7,0,
597,15,15,[],[],40,40,0,0,
1080,22,9,13,[],63,14,49,0,
599,14,14,[],[],41,41,0,0,
598,19,19,[],[],73,73,0,0,
1089,24,10,14,[],85,23,62,0,
1088,22,10,12,[],49,22,27,0,
1526,16,6,10,[],37,17,20,0,
713,27,15,12,[],128,53,75,0,
1409,19,9,10,[],67,30,37,0,
1408,23,11,12,[],96,45,51,0,
1403,20,9,11,[],66,31,35,0,
1402,22,11,11,[],160,100,60,0,
1401,23,10,13,[],109,57,52,0,
1400,18,8,10,[],56,32,24,0,
1407,21,9,12,[],98,49,49,0,
1406,22,12,10,[],86,34,52,0,
1405,20,10,10,[],88,49,39,0,
1404,23,11,12,[],74,41,33,0,
692,20,7,13,[],212,167,45,0,
449,11,11,[],[],103,103,0,0,
448,5,5,[],[],28,28,0,0,
1339,23,11,12,[],83,40,43,0,
1338,22,10,12,[],99,32,67,0,
693,18,6,12,[],55,17,38,0,
443,1,1,[],[],7,7,0,0,
1334,24,12,12,[],59,29,30,0,
1337,22,11,11,[],61,37,24,0,
1336,22,11,11,[],66,40,26,0,
1331,23,11,12,[],45,22,23,0,
1330,23,11,12,[],116,51,65,0,
445,15,10,5,[],348,127,221,0,
1332,19,9,10,[],65,34,31,0,
1520,24,11,13,[],91,47,44,0,
696,1,1,[],[],4,4,0,0,
697,8,8,[],[],28,28,0,0,
694,7,7,[],[],16,16,0,0,
31,2,2,[],[],1,1,0,0,
30,4,4,[],[],10,10,0,0,
1241,21,11,10,[],92,43,49,0,
640,18,5,6,7,106,22,57,27,
643,1,1,[],[],2,2,0,0,
1242,17,8,9,[],75,20,55,0,
1533,21,9,12,[],78,39,39,0,
1532,25,12,13,[],110,48,62,0,
1247,22,9,13,[],73,25,48,0,
646,17,17,[],[],71,71,0,0,
649,12,5,7,[],15,6,9,0,
648,23,23,[],[],154,154,0,0,
1539,25,10,15,[],92,32,60,0,
1538,22,11,11,[],99,68,31,0,
335,9,9,[],[],37,37,0,0,
334,6,6,[],[],49,49,0,0,
330,3,3,[],[],7,7,0,0,
333,12,8,4,[],40,15,25,0,
332,11,11,[],[],141,141,0,0,
543,5,5,[],[],5,5,0,0,
1353,23,10,13,[],106,30,76,0,
1636,19,7,12,[],102,17,85,0,
1352,20,8,12,[],101,24,77,0,
1637,19,8,11,[],75,40,35,0,
2345,17,6,11,[],94,43,51,0,
2344,15,6,9,[],76,44,32,0,
2347,17,6,11,[],68,20,48,0,
2346,19,8,11,[],204,55,149,0,
2341,18,6,12,[],116,62,54,0,
2340,16,6,10,[],127,76,51,0,
2343,19,8,11,[],137,50,87,0,
2342,19,9,10,[],105,61,44,0,
2349,16,7,9,[],104,54,50,0,
2348,18,7,11,[],267,45,222,0,
1350,20,10,10,[],75,45,30,0,
1889,17,6,11,[],110,58,52,0,
1888,18,7,11,[],309,85,224,0,
1887,20,9,11,[],187,135,52,0,
1886,3,3,[],[],38,38,0,0,
1885,18,8,10,[],145,90,55,0,
1884,18,7,11,[],83,31,52,0,
1883,17,6,11,[],58,23,35,0,
1882,18,7,11,[],105,40,65,0,
1881,22,8,9,5,162,66,37,59,
1880,21,10,11,[],175,110,65,0,
2121,15,6,9,[],115,31,84,0,
2120,19,9,10,[],118,79,39,0,
2123,16,7,9,[],114,60,54,0,
2122,19,8,11,[],166,110,56,0,
2125,20,9,11,[],123,54,69,0,
2124,18,7,11,[],177,100,77,0,
2127,19,8,11,[],123,52,71,0,
2126,20,8,12,[],182,106,76,0,
2129,19,8,11,[],108,48,60,0,
2128,17,7,10,[],83,40,43,0,
944,27,16,11,[],56,37,19,0,
1084,23,12,11,[],43,22,21,0,
942,23,14,9,[],46,29,17,0,
943,28,14,14,[],69,27,42,0,
940,11,4,7,[],18,5,13,0,
941,23,12,11,[],56,28,28,0,
1450,23,10,13,[],77,38,39,0,
133,25,9,9,7,482,188,203,91,
131,11,[],8,3,268,0,226,42,
2019,18,7,11,[],124,57,67,0,
2018,19,9,10,[],156,71,85,0,
2015,21,9,12,[],1554,45,1509,0,
2014,21,9,12,[],691,75,616,0,
2017,17,7,10,[],103,36,67,0,
2016,20,9,11,[],100,42,58,0,
2011,20,9,11,[],1398,24,1374,0,
2010,19,8,11,[],242,56,186,0,
2013,18,8,10,[],106,50,56,0,
2012,17,6,11,[],92,35,57,0,
708,6,6,[],[],24,24,0,0,
704,24,10,14,[],48,17,31,0,
705,13,7,6,[],28,8,20,0,
2156,20,7,13,[],115,48,67,0,
700,14,4,10,[],88,11,77,0,
701,18,18,[],[],86,86,0,0,
702,27,12,15,[],352,321,31,0,
703,26,12,14,[],157,104,53,0,
82,21,10,11,[],131,62,69,0,
83,7,7,[],[],19,19,0,0,
81,2,2,[],[],42,42,0,0,
84,10,10,[],[],16,16,0,0,
85,4,4,[],[],41,41,0,0,
1658,20,9,11,[],77,38,39,0,
1659,19,8,11,[],97,40,57,0,
1652,21,8,13,[],298,31,267,0,
1653,20,9,11,[],227,27,200,0,
1650,21,8,13,[],104,53,51,0,
1651,22,9,13,[],99,48,51,0,
1656,20,9,11,[],75,40,35,0,
1657,20,8,12,[],1633,23,1610,0,
1654,20,8,12,[],84,30,54,0,
1655,20,7,13,[],103,37,66,0,
586,12,12,[],[],50,50,0,0,
587,15,15,[],[],144,144,0,0,
584,1,1,[],[],14,14,0,0,
585,16,16,[],[],145,145,0,0,
582,1,1,[],[],7,7,0,0,
1631,20,9,11,[],76,36,40,0,
1632,18,7,11,[],61,20,41,0,
588,15,15,[],[],96,96,0,0,
589,19,19,[],[],94,94,0,0,
1633,21,8,13,[],88,31,57,0,
1634,18,8,10,[],75,44,31,0,
1635,21,9,12,[],105,62,43,0,
1436,25,11,14,[],106,42,64,0,
1437,23,11,12,[],221,185,36,0,
1434,25,11,14,[],87,34,53,0,
1435,19,10,9,[],76,45,31,0,
1432,25,13,12,[],102,60,42,0,
1433,12,12,[],[],152,152,0,0,
1430,22,12,10,[],73,43,30,0,
1431,24,11,13,[],162,47,115,0,
1981,19,7,12,[],109,55,54,0,
1438,22,11,11,[],66,33,33,0,
1381,25,8,6,11,159,24,40,95,
1348,21,10,11,[],125,76,49,0,
1349,19,10,9,[],149,127,22,0,
1340,23,10,13,[],61,28,33,0,
451,5,5,[],[],19,19,0,0,
452,10,10,[],[],25,25,0,0,
453,5,5,[],[],54,54,0,0,
1344,24,9,15,[],68,21,47,0,
455,8,8,[],[],126,126,0,0,
1346,21,10,11,[],144,30,114,0,
1347,24,11,13,[],152,109,43,0,
1082,22,11,11,[],42,21,21,0,
517,24,11,13,[],54,20,34,0,
1502,21,11,10,[],94,48,46,0,
1503,21,9,12,[],137,41,96,0,
654,12,12,[],[],184,184,0,0,
655,18,18,[],[],116,116,0,0,
652,11,11,[],[],144,144,0,0,
653,21,21,[],[],1127,1127,0,0,
650,14,14,[],[],71,71,0,0,
651,3,3,[],[],13,13,0,0,
1508,23,9,14,[],127,47,80,0,
1509,14,10,4,[],1484,36,1448,0,
658,14,14,[],[],66,66,0,0,
516,18,10,8,[],45,13,32,0,
1992,21,8,13,[],103,58,45,0,
948,30,15,15,[],339,299,40,0,
949,30,17,13,[],105,24,81,0,
946,26,14,12,[],47,22,25,0,
947,25,14,11,[],49,26,23,0,
945,20,9,11,[],182,28,154,0,
54,4,4,[],[],2,2,0,0,
1081,23,11,12,[],140,87,53,0,
320,8,8,[],[],202,202,0,0,
321,1,1,[],[],5,5,0,0,
327,13,4,9,[],94,39,55,0,
325,6,6,[],[],53,53,0,0,
328,11,3,8,[],21,12,9,0,
2330,18,7,11,[],82,31,51,0,
2331,17,7,10,[],102,36,66,0,
2332,19,8,11,[],116,58,58,0,
2333,19,8,11,[],243,134,109,0,
2334,17,6,11,[],297,231,66,0,
2335,18,8,10,[],147,105,42,0,
2336,19,9,10,[],130,60,70,0,
2337,17,8,9,[],127,55,72,0,
2338,21,9,12,[],207,82,125,0,
2339,18,8,10,[],102,43,59,0,
1341,23,11,12,[],71,37,34,0,
1518,22,11,11,[],111,51,60,0,
2248,20,9,11,[],101,51,50,0,
2249,19,7,12,[],179,59,120,0,
2244,18,7,11,[],103,42,61,0,
2245,19,8,11,[],62,22,40,0,
2246,18,8,10,[],138,57,81,0,
2247,18,7,11,[],106,65,41,0,
2240,18,7,11,[],145,68,77,0,
2241,20,6,14,[],123,58,65,0,
2242,17,6,11,[],70,18,52,0,
2243,19,7,12,[],109,41,68,0,
995,25,12,13,[],38,16,22,0,
994,26,16,10,[],69,51,18,0,
997,27,15,12,[],60,26,34,0,
996,32,17,15,[],152,37,115,0,
991,28,12,16,[],317,17,300,0,
990,25,16,9,[],48,27,21,0,
993,26,16,10,[],87,31,56,0,
992,26,14,12,[],50,29,21,0,
999,24,14,10,[],40,22,18,0,
998,30,17,13,[],104,31,73,0,
127,11,8,3,[],252,180,72,0,
520,8,8,[],[],308,308,0,0,
1295,21,9,12,[],58,27,31,0,
2068,19,9,10,[],90,51,39,0,
2069,20,9,11,[],132,56,76,0,
2060,20,9,11,[],154,82,72,0,
2061,20,9,11,[],160,97,63,0,
2062,20,7,13,[],99,42,57,0,
2063,21,9,12,[],175,132,43,0,
2064,21,9,12,[],106,49,57,0,
2065,20,8,12,[],87,46,41,0,
2066,22,9,13,[],113,61,52,0,
2067,22,9,13,[],146,80,66,0,
521,4,4,[],[],77,77,0,0,
1748,22,8,14,[],120,66,54,0,
1749,19,8,11,[],112,58,54,0,
1397,20,9,11,[],113,71,42,0,
1645,19,7,12,[],144,53,91,0,
1644,20,7,13,[],252,158,94,0,
1647,22,10,12,[],143,91,52,0,
1646,21,9,12,[],97,50,47,0,
1641,21,8,13,[],999,27,972,0,
1640,17,7,10,[],75,46,29,0,
1643,21,9,12,[],342,242,100,0,
1642,21,9,12,[],119,64,55,0,
1649,19,9,10,[],75,41,34,0,
1648,19,8,11,[],95,54,41,0,
1742,19,7,12,[],77,30,47,0,
1743,21,9,12,[],108,38,70,0,
579,5,5,[],[],360,360,0,0,
573,5,5,[],[],30,30,0,0,
571,10,10,[],[],702,702,0,0,
570,9,9,[],[],14,14,0,0,
577,7,7,[],[],196,196,0,0,
575,10,10,[],[],375,375,0,0,
574,2,2,[],[],7,7,0,0,
601,30,14,16,[],75,25,50,0,
600,18,13,5,[],37,30,7,0,
1421,24,11,13,[],286,62,224,0,
1420,20,9,11,[],83,37,46,0,
1423,25,11,14,[],586,66,520,0,
1422,21,10,11,[],101,60,41,0,
1425,19,9,10,[],78,37,41,0,
1424,4,4,[],[],16,16,0,0,
1427,24,11,13,[],202,129,73,0,
1426,23,11,12,[],112,60,52,0,
1429,20,9,11,[],111,45,66,0,
1428,22,11,11,[],70,40,30,0,
602,26,9,17,[],107,10,97,0,
939,27,14,13,[],57,31,26,0,
731,17,17,[],[],36,36,0,0,
730,6,6,[],[],75,75,0,0,
2405,17,7,10,[],126,64,62,0,
735,15,15,[],[],153,153,0,0,
734,11,11,[],[],32,32,0,0,
737,19,19,[],[],86,86,0,0,
736,13,13,[],[],120,120,0,0,
739,32,9,14,9,285,123,82,80,
738,13,13,[],[],35,35,0,0,
2151,19,9,10,[],488,64,424,0,
1359,22,10,12,[],76,35,41,0,
1358,22,10,12,[],73,42,31,0,
469,10,10,[],[],45,45,0,0,
2152,18,7,11,[],179,47,132,0,
465,13,4,9,[],75,11,64,0,
464,11,8,3,[],32,25,7,0,
1351,21,10,11,[],87,50,37,0,
466,10,6,4,[],174,170,4,0,
461,3,3,[],[],8,8,0,0,
460,10,10,[],[],57,57,0,0,
1355,22,10,12,[],88,40,48,0,
1354,24,12,12,[],85,37,48,0,
1273,19,10,9,[],52,23,29,0,
937,28,13,15,[],82,65,17,0,
936,27,13,14,[],38,16,22,0,
1519,20,10,10,[],307,269,38,0,
935,25,16,9,[],55,27,28,0,
1515,20,8,12,[],94,44,50,0,
1514,22,10,12,[],106,58,48,0,
1517,21,8,13,[],85,30,55,0,
934,24,13,11,[],72,26,46,0,
1274,21,9,12,[],71,34,37,0,
1510,21,9,12,[],70,19,51,0,
1513,19,10,9,[],83,51,32,0,
1512,20,9,11,[],89,57,32,0,
281,6,6,[],[],27,27,0,0,
1275,21,12,9,[],108,72,36,0,
1004,21,13,8,[],52,30,22,0,
357,1,1,[],[],9,9,0,0,
354,1,1,[],[],115,115,0,0,
358,5,5,[],[],80,80,0,0,
2323,21,8,13,[],99,42,57,0,
2322,20,8,12,[],164,86,78,0,
2321,19,8,11,[],124,69,55,0,
2320,20,8,12,[],141,66,75,0,
2327,18,7,11,[],103,54,49,0,
2326,18,7,11,[],160,93,67,0,
2325,18,8,10,[],188,130,58,0,
1446,20,8,12,[],70,33,37,0,
2329,20,9,11,[],131,73,58,0,
2328,19,8,11,[],134,80,54,0,
1445,21,9,12,[],70,37,33,0,
289,1,1,[],[],22,22,0,0,
1444,25,11,14,[],524,52,472,0,
1793,24,10,14,[],102,46,56,0,
280,2,2,[],[],20,20,0,0,
285,6,6,[],[],14,14,0,0,
284,9,9,[],[],95,95,0,0,
287,12,12,[],[],118,118,0,0,
1114,23,13,10,[],59,35,24,0,
1441,21,10,11,[],97,52,45,0,
1440,24,11,13,[],81,34,47,0,
263,3,3,[],[],49,49,0,0,
1292,22,10,12,[],74,35,39,0,
267,8,8,[],[],171,171,0,0,
266,2,2,[],[],18,18,0,0,
1792,18,8,10,[],95,49,46,0,
1293,24,12,12,[],174,133,41,0,
286,14,14,[],[],32,32,0,0,
268,2,2,[],[],44,44,0,0,
1290,18,11,7,[],62,42,20,0,
1291,20,10,10,[],171,31,140,0,
1296,22,11,11,[],84,26,58,0,
258,7,7,[],[],65,65,0,0,
1297,21,11,10,[],68,37,31,0,
1294,21,11,10,[],51,15,36,0,
2259,21,10,11,[],150,88,62,0,
2258,18,7,11,[],192,78,114,0,
2257,20,9,11,[],138,78,60,0,
2256,20,8,12,[],161,90,71,0,
2255,19,7,12,[],165,70,95,0,
2254,22,8,14,[],114,55,59,0,
2253,19,7,12,[],264,35,229,0,
2252,18,7,11,[],113,59,54,0,
2251,20,7,13,[],97,42,55,0,
2250,19,8,11,[],159,91,68,0,
988,25,13,12,[],94,74,20,0,
989,26,13,13,[],59,26,33,0,
982,26,15,11,[],58,31,27,0,
983,23,11,12,[],145,22,123,0,
980,23,12,11,[],109,61,48,0,
981,24,12,12,[],946,19,927,0,
986,26,12,14,[],97,28,69,0,
987,30,15,15,[],52,29,23,0,
984,21,11,10,[],111,86,25,0,
985,32,14,18,[],138,75,63,0,
110,5,5,[],[],68,68,0,0,
119,1,1,[],[],18,18,0,0,
2079,19,9,10,[],122,79,43,0,
2078,19,8,11,[],73,40,33,0,
2073,18,7,11,[],114,61,53,0,
2072,19,9,10,[],132,84,48,0,
2071,23,10,13,[],167,73,94,0,
2070,20,7,13,[],133,68,65,0,
2077,21,10,11,[],73,43,30,0,
2076,18,7,11,[],185,123,62,0,
2075,21,9,12,[],155,76,79,0,
2074,21,8,13,[],166,45,121,0,
1796,19,8,11,[],81,47,34,0,
1986,21,8,13,[],91,42,49,0,
1987,20,8,12,[],100,51,49,0,
1984,19,7,12,[],100,40,60,0,
1985,21,8,13,[],87,38,49,0,
1982,18,8,10,[],106,69,37,0,
1983,18,7,11,[],146,72,74,0,
1980,21,7,14,[],264,44,220,0,
1531,21,10,11,[],83,58,25,0,
1638,21,10,11,[],95,50,45,0,
1639,19,7,12,[],83,35,48,0,
1988,25,10,15,[],324,254,70,0,
1989,19,8,11,[],93,37,56,0,
568,10,10,[],[],607,607,0,0,
569,8,8,[],[],22,22,0,0,
561,12,12,[],[],45,45,0,0,
562,13,13,[],[],147,147,0,0,
563,5,5,[],[],10,10,0,0,
565,18,18,[],[],145,145,0,0,
566,11,11,[],[],28,28,0,0,
567,5,5,[],[],77,77,0,0,
1188,20,10,10,[],74,35,39,0,
1189,18,9,9,[],58,34,24,0,
1186,21,10,11,[],42,24,18,0,
1187,19,10,9,[],65,36,29,0,
1184,19,9,10,[],54,23,31,0,
1185,20,10,10,[],54,23,31,0,
1182,20,10,10,[],61,30,31,0,
1183,20,10,10,[],87,52,35,0,
1180,19,10,9,[],57,35,22,0,
1181,17,10,7,[],48,34,14,0,
726,16,16,[],[],292,292,0,0,
727,7,7,[],[],11,11,0,0,
724,7,7,[],[],45,45,0,0,
725,20,11,9,[],98,74,24,0,
722,8,4,4,[],83,8,75,0,
723,13,13,[],[],41,41,0,0,
720,29,12,17,[],237,46,191,0,
1744,19,9,10,[],106,45,61,0,
1745,21,9,12,[],625,572,53,0,
1746,16,7,9,[],69,27,42,0,
1747,21,9,12,[],79,37,42,0,
1740,20,8,12,[],96,49,47,0,
1741,20,9,11,[],137,83,54,0,
728,24,13,11,[],42,30,12,0,
729,8,8,[],[],14,14,0,0,
1164,17,10,7,[],65,39,26,0,
1165,21,9,12,[],64,27,37,0,
1166,20,11,9,[],61,31,30,0,
1167,18,8,10,[],79,28,51,0,
1160,20,10,10,[],106,85,21,0,
1161,16,10,6,[],51,30,21,0,
1162,16,9,7,[],37,22,15,0,
1163,20,9,11,[],74,30,44,0,
1168,18,8,10,[],103,55,48,0,
1169,19,11,8,[],87,49,38,0,
1366,32,9,11,12,91,21,39,31,
1367,30,10,8,12,98,17,47,34,
47,7,7,[],[],42,42,0,0,
44,2,2,[],[],0,0,0,0,
43,5,5,[],[],28,28,0,0,
1568,17,7,10,[],56,24,32,0,
1569,21,9,12,[],96,51,45,0,
1298,22,10,12,[],71,35,36,0,
1299,21,9,12,[],72,28,44,0,
1560,24,11,13,[],83,43,40,0,
1561,22,11,11,[],123,53,70,0,
1562,21,10,11,[],89,41,48,0,
1563,23,9,14,[],228,86,142,0,
1564,22,10,12,[],124,69,55,0,
1565,19,9,10,[],81,36,45,0,
1566,22,10,12,[],159,48,111,0,
1567,19,8,11,[],48,17,31,0,
797,19,10,9,[],32,15,17,0,
1360,28,13,15,[],86,35,51,0,
796,20,12,8,[],37,25,12,0,
1361,30,9,10,11,3189,3142,27,20,
795,19,8,11,[],42,16,26,0,
2425,16,6,10,[],166,118,48,0,
794,21,10,11,[],39,16,23,0,
793,22,8,14,[],69,55,14,0,
792,24,12,12,[],65,21,44,0,
791,18,11,7,[],36,25,11,0,
1201,24,10,14,[],69,26,43,0,
790,21,10,11,[],42,16,26,0,
472,10,10,[],[],9,9,0,0,
473,13,13,[],[],12,12,0,0,
1364,30,10,9,11,86,11,45,30,
471,15,15,[],[],65,65,0,0,
1362,30,9,11,10,1716,1651,33,32,
1363,32,11,9,12,421,332,34,55,
474,4,4,[],[],4,4,0,0,
475,14,14,[],[],51,51,0,0,
478,8,8,[],[],286,286,0,0,
479,10,10,[],[],77,77,0,0,
1368,34,10,12,12,276,166,61,49,
1369,34,10,11,13,89,18,37,34,
